{
  "gizmos-infos": {
    "is2D": true,
    "is3DIcon": false,
    "iconSize": 2,
    "gridVisible": true,
    "originAxis2D": {
      "x_visible": true,
      "y_visible": true,
      "z_visible": false
    },
    "originAxis3D": {
      "x_visible": true,
      "y_visible": false,
      "z_visible": true
    },
    "gridColor": [
      166,
      166,
      166,
      255
    ],
    "transformToolName": "position",
    "pivot": "pivot",
    "coordinate": "local",
    "toolsVisibility3d": true
  },
  "__version__": "1.0.3",
  "builder": {},
  "snap-configs": {
    "position": {
      "x": 1,
      "y": 1,
      "z": 1
    },
    "rotation": 1,
    "scale": 1,
    "isPositionSnapEnabled": false,
    "isRotationSnapEnabled": false,
    "isScaleSnapEnabled": false
  },
  "rect-snap-configs": {
    "enableSnapping": true,
    "snapThreshold": 4
  },
  "camera-infos": {
    "37353e0d-ee59-4166-b617-04b7e417f086": {
      "position": {
        "x": 527.1122358132441,
        "y": 338.3052521236405,
        "z": 5000
      },
      "rotation": {
        "x": 0,
        "y": 0,
        "z": 0,
        "w": 1
      },
      "viewCenter": {
        "x": 0,
        "y": 0,
        "z": 0
      },
      "contentRect": {
        "x": -466.4739242105809,
        "y": -345.564719942967,
        "width": 956,
        "height": 658
      },
      "scale": 0.4810856060923173
    },
    "65ca88ba-891f-46be-a5a6-c3585162a789": {
      "position": {
        "x": 611.5566949126633,
        "y": 361.6470135386967,
        "z": 5000
      },
      "rotation": {
        "x": 0,
        "y": 0,
        "z": 0,
        "w": 1
      },
      "viewCenter": {
        "x": 0,
        "y": 0,
        "z": 0
      },
      "contentRect": {
        "x": -286.1097370849754,
        "y": -170.3034646821262,
        "width": 1080,
        "height": 640
      },
      "scale": 0.6015597562206944
    },
    "1cfa8bb8-4856-43fc-8a8c-c068a23290c5": {
      "position": {
        "x": 617.8281327102587,
        "y": 348.20180690520044,
        "z": 5000
      },
      "rotation": {
        "x": 0,
        "y": 0,
        "z": 0,
        "w": 1
      },
      "viewCenter": {
        "x": 0,
        "y": 0,
        "z": 0
      },
      "contentRect": {
        "x": 6.092664245352306,
        "y": -72.8462456574652,
        "width": 956,
        "height": 658
      },
      "scale": 0.7813834976734255
    }
  },
  "camera-uuids": [
    "37353e0d-ee59-4166-b617-04b7e417f086",
    "65ca88ba-891f-46be-a5a6-c3585162a789",
    "1cfa8bb8-4856-43fc-8a8c-c068a23290c5"
  ],
  "camera": {
    "color": [
      48,
      48,
      48,
      255
    ],
    "fov": 45,
    "far": 10000,
    "near": 0.01,
    "wheelSpeed": 0.01,
    "wanderSpeed": 10,
    "enableAcceleration": true,
    "size": "__default_design__",
    "far2D": 10000,
    "near2D": 1,
    "wheelSpeed2D": 6,
    "iso": 0,
    "aperture": 19,
    "shutter": 7
  },
  "float-window": {
    "position": {
      "cc": {
        "Camera": {
          "dock": false,
          "top": null,
          "bottom": 10,
          "left": null,
          "right": 10
        }
      }
    }
  }
}
