{
  "gizmos-infos": {
    "is2D": true,
    "is3DIcon": false,
    "iconSize": 2,
    "gridVisible": true,
    "originAxis2D": {
      "x_visible": true,
      "y_visible": true,
      "z_visible": false
    },
    "originAxis3D": {
      "x_visible": true,
      "y_visible": false,
      "z_visible": true
    },
    "gridColor": [
      166,
      166,
      166,
      255
    ],
    "transformToolName": "position",
    "pivot": "pivot",
    "coordinate": "local",
    "toolsVisibility3d": true
  },
  "__version__": "1.0.3",
  "builder": {
    "taskOptionsMap": {},
    "__version__": "1.3.9"
  },
  "snap-configs": {
    "position": {
      "x": 1,
      "y": 1,
      "z": 1
    },
    "rotation": 1,
    "scale": 1,
    "isPositionSnapEnabled": false,
    "isRotationSnapEnabled": false,
    "isScaleSnapEnabled": false
  },
  "rect-snap-configs": {
    "enableSnapping": true,
    "snapThreshold": 4
  },
  "camera-infos": {
    "37353e0d-ee59-4166-b617-04b7e417f086": {
      "position": {
        "x": 527.1122358132441,
        "y": 338.3052521236405,
        "z": 5000
      },
      "rotation": {
        "x": 0,
        "y": 0,
        "z": 0,
        "w": 1
      },
      "viewCenter": {
        "x": 0,
        "y": 0,
        "z": 0
      },
      "contentRect": {
        "x": -466.4739242105809,
        "y": -345.564719942967,
        "width": 956,
        "height": 658
      },
      "scale": 0.4810856060923173
    },
    "65ca88ba-891f-46be-a5a6-c3585162a789": {
      "position": {
        "x": 611.5566949126633,
        "y": 361.6470135386967,
        "z": 5000
      },
      "rotation": {
        "x": 0,
        "y": 0,
        "z": 0,
        "w": 1
      },
      "viewCenter": {
        "x": 0,
        "y": 0,
        "z": 0
      },
      "contentRect": {
        "x": -286.1097370849754,
        "y": -170.3034646821262,
        "width": 1080,
        "height": 640
      },
      "scale": 0.6015597562206944
    },
    "72102c5c-86bb-4e47-9f2e-1e7152def8dd": {
      "position": {
        "x": 751.3601013466846,
        "y": 271.0140448783286,
        "z": 5000
      },
      "rotation": {
        "x": 0,
        "y": 0,
        "z": 0,
        "w": 1
      },
      "viewCenter": {
        "x": 0,
        "y": 0,
        "z": 0
      },
      "contentRect": {
        "x": -438.654958473169,
        "y": -384.3093168306867,
        "width": 1095,
        "height": 603
      },
      "scale": 0.4600782111806899
    },
    "86c2d40e-fa89-4386-bfae-d559fba53f2c": {
      "position": {
        "x": 601.7141863192554,
        "y": 362.93690660874097,
        "z": 5000
      },
      "rotation": {
        "x": 0,
        "y": 0,
        "z": 0,
        "w": 1
      },
      "viewCenter": {
        "x": 0,
        "y": 0,
        "z": 0
      },
      "contentRect": {
        "x": -266.89929837942213,
        "y": -191.32122172279614,
        "width": 945,
        "height": 603
      },
      "scale": 0.543970371544382
    },
    "24331327-03ad-431b-9378-03250fc7a2ea": {
      "position": {
        "x": 635.3993062951064,
        "y": 350.5594751438649,
        "z": 5000
      },
      "rotation": {
        "x": 0,
        "y": 0,
        "z": 0,
        "w": 1
      },
      "viewCenter": {
        "x": 0,
        "y": 0,
        "z": 0
      },
      "contentRect": {
        "x": -242.28853140994855,
        "y": -209.48895462983685,
        "width": 945,
        "height": 603
      },
      "scale": 0.5383463000187803
    },
    "27dcf393-8ab5-435d-9565-d02f98168cc1": {
      "position": {
        "x": 543.9902054026104,
        "y": 372.5162081723303,
        "z": 5000
      },
      "rotation": {
        "x": 0,
        "y": 0,
        "z": 0,
        "w": 1
      },
      "viewCenter": {
        "x": 0,
        "y": 0,
        "z": 0
      },
      "contentRect": {
        "x": -427.4383660259593,
        "y": -247.34773740589986,
        "width": 945,
        "height": 603
      },
      "scale": 0.48639705882353024
    },
    "1cfa8bb8-4856-43fc-8a8c-c068a23290c5": {
      "position": {
        "x": 526.1595269351843,
        "y": 407.1393312968569,
        "z": 5000
      },
      "rotation": {
        "x": 0,
        "y": 0,
        "z": 0,
        "w": 1
      },
      "viewCenter": {
        "x": 0,
        "y": 0,
        "z": 0
      },
      "contentRect": {
        "x": -673.8596662546407,
        "y": -271.03458950301615,
        "width": 1067,
        "height": 603
      },
      "scale": 0.444576222636806
    }
  },
  "camera-uuids": [
    "37353e0d-ee59-4166-b617-04b7e417f086",
    "65ca88ba-891f-46be-a5a6-c3585162a789",
    "72102c5c-86bb-4e47-9f2e-1e7152def8dd",
    "86c2d40e-fa89-4386-bfae-d559fba53f2c",
    "24331327-03ad-431b-9378-03250fc7a2ea",
    "27dcf393-8ab5-435d-9565-d02f98168cc1",
    "1cfa8bb8-4856-43fc-8a8c-c068a23290c5"
  ],
  "camera": {
    "color": [
      48,
      48,
      48,
      255
    ],
    "fov": 45,
    "far": 10000,
    "near": 0.01,
    "wheelSpeed": 0.01,
    "wanderSpeed": 10,
    "enableAcceleration": true,
    "size": "__default_design__",
    "far2D": 10000,
    "near2D": 1,
    "wheelSpeed2D": 6,
    "iso": 0,
    "aperture": 19,
    "shutter": 7
  },
  "float-window": {
    "position": {
      "cc": {
        "Camera": {
          "dock": false,
          "top": null,
          "bottom": 10,
          "left": null,
          "right": 10
        }
      }
    }
  }
}
